Limit	Max Revenue	Estimated Revenue
b'0.2900314357687724',b'7.362492552317885',b'18.833883716856803'
